day,start,job,part,hours,cpus,gpu,state,gpu_h,cpu_core_h,usd_unsub,usd_sub,fam
2026-09-08,2026-09-08T20:03:10,l1norm_ftcpu,genoa-std-mem,0.003,64,0,CANCELLED by 1089504811,0.0,0.192,0.005376000000000001,0.00192,l1norm_ftcpu
2026-09-08,2026-09-08T20:03:41,l1norm_ftcpu,genoa-std-mem,1.599,64,0,COMPLETED,0.0,102.336,2.865408,1.02336,l1norm_ftcpu
2026-09-08,2026-09-08T20:26:21,geom_bank3d,genoa-std-mem,0.039,64,0,COMPLETED,0.0,2.496,0.069888,0.02496,geom_bank3d
2026-09-08,2026-09-08T20:30:43,geom_bank2d,genoa-std-mem,0.086,64,0,COMPLETED,0.0,5.504,0.154112,0.05504,geom_bank2d
2026-09-08,2026-09-08T21:04:31,l1norm_ft,dgx-b200,0.393,28,1,COMPLETED,0.393,0.0,1.77243,0.393,l1norm_ft
2026-09-08,2026-09-08T21:52:06,clean_shift,genoa-std-mem,0.048,64,0,COMPLETED,0.0,3.072,0.08601600000000001,0.03072,clean_shift
2026-09-08,2026-09-08T22:31:36,hida_bank,genoa-std-mem,1.785,64,0,COMPLETED,0.0,114.24,3.19872,1.1424,hida_bank
2026-09-08,2026-09-08T23:19:57,shift_sweep,genoa-std-mem,0.002,64,0,COMPLETED,0.0,0.128,0.003584,0.00128,shift_sweep
2026-09-08,2026-09-08T23:21:29,shift_sweep,genoa-std-mem,0.007,64,0,COMPLETED,0.0,0.448,0.012544000000000001,0.0044800000000000005,shift_sweep
2026-09-08,2026-09-08T23:22:31,shift_sweep,genoa-std-mem,0.01,64,0,COMPLETED,0.0,0.64,0.017920000000000002,0.0064,shift_sweep
2026-09-08,2026-09-08T23:24:34,shift_sweep,genoa-std-mem,0.01,64,0,COMPLETED,0.0,0.64,0.017920000000000002,0.0064,shift_sweep
2026-09-09,2026-09-09T00:02:34,cosshift,genoa-std-mem,0.064,64,0,CANCELLED by 1089504811,0.0,4.096,0.114688,0.04096,cosshift
2026-09-09,2026-09-09T09:17:45,geom_variants,genoa-std-mem,0.006,64,0,COMPLETED,0.0,0.384,0.010752000000000001,0.00384,geom_variants
2026-09-09,2026-09-09T12:19:24,geom_variants,genoa-std-mem,0.011,64,0,COMPLETED,0.0,0.704,0.019712,0.007039999999999999,geom_variants
2026-09-09,2026-09-09T12:22:01,res_trend,genoa-std-mem,0.022,32,0,COMPLETED,0.0,0.704,0.019712,0.007039999999999999,res_trend
2026-09-09,2026-09-09T12:28:07,pose_feats,genoa-std-mem,0.024,64,0,COMPLETED,0.0,1.536,0.043008000000000005,0.01536,pose_feats
2026-09-09,2026-09-09T12:58:49,img_ref,genoa-std-mem,0.047,64,0,COMPLETED,0.0,3.008,0.08422400000000001,0.03008,img_ref
2026-09-09,2026-09-09T19:55:17,hillclimb,genoa-std-mem,0.049,64,0,COMPLETED,0.0,3.136,0.08780800000000001,0.03136,hillclimb
2026-09-19,2026-09-19T03:00:26,viewdepth,genoa-std-mem,0.05,64,0,COMPLETED,0.0,3.2,0.08960000000000001,0.032,viewdepth
2026-09-19,2026-09-19T03:04:29,viewdepth4,genoa-std-mem,0.007,16,0,COMPLETED,0.0,0.112,0.0031360000000000003,0.0011200000000000001,viewdepth4
2026-09-19,2026-09-19T03:05:49,viewdepth4v,genoa-std-mem,0.035,16,0,COMPLETED,0.0,0.56,0.015680000000000003,0.005600000000000001,viewdepth4v
2026-09-19,2026-09-19T03:08:55,viewdepth15,genoa-std-mem,0.05,16,0,COMPLETED,0.0,0.8,0.022400000000000003,0.008,viewdepth15
2026-09-19,2026-09-19T03:12:46,viewdepth1v,genoa-std-mem,0.046,16,0,COMPLETED,0.0,0.736,0.020608,0.00736,viewdepth1v
2026-09-19,2026-09-19T03:16:11,viewdepth1v,genoa-std-mem,0.027,16,0,COMPLETED,0.0,0.432,0.012096,0.00432,viewdepth1v
2026-09-19,2026-09-19T11:46:26,enc_extract,dgx-b200,0.004,28,1,COMPLETED,0.004,0.0,0.01804,0.004,enc_extract
2026-09-19,2026-09-19T11:47:56,chair_g1_k10,dgx-b200,0.048,28,1,COMPLETED,0.048,0.0,0.21648,0.048,chair
2026-09-19,2026-09-19T11:56:27,chair_g1_k10,dgx-b200,0.037,28,1,COMPLETED,0.037,0.0,0.16687,0.037,chair
2026-09-19,2026-09-19T11:56:27,enc_extract,dgx-b200,1.716,28,1,RUNNING,1.716,0.0,7.739159999999999,1.716,enc_extract
2026-09-19,2026-09-19T11:59:28,chair_g1_k10,dgx-b200,0.098,28,1,COMPLETED,0.098,0.0,0.44198,0.098,chair
2026-09-19,2026-09-19T12:06:30,chair_g1_k10,dgx-b200,0.042,28,1,COMPLETED,0.042,0.0,0.18942,0.042,chair
2026-09-19,2026-09-19T12:10:00,chair_g1_k10,dgx-b200,1.49,28,1,RUNNING,1.49,0.0,6.7199,1.49,chair
2026-09-19,2026-09-19T13:20:52,evaltest,dgx-b200,0.192,28,1,COMPLETED,0.192,0.0,0.86592,0.192,evaltest
Unknown,Unknown,chair_random_100_5,dgx-b200,0.0,0,0,PENDING,0.0,0.0,0.0,0.0,chair
Unknown,Unknown,chair_random_100_4,dgx-b200,0.0,0,0,PENDING,0.0,0.0,0.0,0.0,chair
Unknown,Unknown,chair_random_100_3,dgx-b200,0.0,0,0,PENDING,0.0,0.0,0.0,0.0,chair
Unknown,Unknown,chair_random_100_2,dgx-b200,0.0,0,0,PENDING,0.0,0.0,0.0,0.0,chair
Unknown,Unknown,chair_random_100_1,dgx-b200,0.0,0,0,PENDING,0.0,0.0,0.0,0.0,chair
Unknown,Unknown,table_random_k10,dgx-b200,0.0,0,0,PENDING,0.0,0.0,0.0,0.0,table
Unknown,Unknown,table_g4_k10,dgx-b200,0.0,0,0,PENDING,0.0,0.0,0.0,0.0,table
Unknown,Unknown,table_g3_k10,dgx-b200,0.0,0,0,PENDING,0.0,0.0,0.0,0.0,table
Unknown,Unknown,table_g2_k10,dgx-b200,0.0,0,0,PENDING,0.0,0.0,0.0,0.0,table
Unknown,Unknown,table_g1_k10,dgx-b200,0.0,0,0,PENDING,0.0,0.0,0.0,0.0,table
Unknown,Unknown,airplane_g4_k10,dgx-b200,0.0,0,0,PENDING,0.0,0.0,0.0,0.0,airplane
Unknown,Unknown,chair_random_100_6,dgx-b200,0.0,0,0,PENDING,0.0,0.0,0.0,0.0,chair
Unknown,Unknown,airplane_g3_k10,dgx-b200,0.0,0,0,PENDING,0.0,0.0,0.0,0.0,airplane
Unknown,Unknown,airplane_g2_k10,dgx-b200,0.0,0,0,PENDING,0.0,0.0,0.0,0.0,airplane
Unknown,Unknown,airplane_g1_k10,dgx-b200,0.0,0,0,PENDING,0.0,0.0,0.0,0.0,airplane
Unknown,Unknown,chair_random_k10,dgx-b200,0.0,0,0,PENDING,0.0,0.0,0.0,0.0,chair
Unknown,Unknown,chair_g4_k10,dgx-b200,0.0,0,0,PENDING,0.0,0.0,0.0,0.0,chair
Unknown,Unknown,chair_g3_k10,dgx-b200,0.0,0,0,PENDING,0.0,0.0,0.0,0.0,chair
Unknown,Unknown,chair_g2_k10,dgx-b200,0.0,0,0,PENDING,0.0,0.0,0.0,0.0,chair
Unknown,Unknown,chair_random_100_0,b200-mig45,0.0,0,0,PENDING,0.0,0.0,0.0,0.0,chair
Unknown,Unknown,airplane_random_k10,dgx-b200,0.0,0,0,PENDING,0.0,0.0,0.0,0.0,airplane
Unknown,Unknown,chair_random_100_7,dgx-b200,0.0,0,0,PENDING,0.0,0.0,0.0,0.0,chair
