descriptor,estimator,missing,all_fit,all_test,own_fit,own_test,oth_fit,oth_test
voxel16,nn1,0,-0.132358463105786,-0.13515824104274926,-0.2175715836853947,-0.21237345416540152,-0.0659289957309047,-0.06817205385715915
voxel16,knn5,0,-0.13083897752867038,-0.13329439799222043,-0.2144571396978251,-0.21174144969110328,-0.06346492132633542,-0.06529991998219146
voxel16,knn10,0,-0.12746186256365183,-0.13001618616954,-0.20862798954202147,-0.20731764322293467,-0.05932953479046378,-0.061298403259523224
voxel16,mean25,0,-0.1145592166786714,-0.1176927472125222,-0.18552147640950417,-0.18604701065932938,-0.04510787769326562,-0.04799506480661971
voxel16,centroid,0,-0.12228031743473809,-0.12539465362471028,-0.20391858152088468,-0.20126994780381743,-0.053175252497943665,-0.05622508174648388
voxel16,cov_q02,0,-0.10833646085700946,-0.10985585402270137,-0.12148541727068012,-0.13591710479306748,-0.020237419310928546,-0.01836128707386428
voxel16,cov_q05,0,-0.1091221562782284,-0.11175167230652644,-0.136862683706302,-0.14568480266927422,-0.017992442806786312,-0.018883074317928926
voxel16,cov_q10,0,-0.10760338154051001,-0.11109882912195693,-0.1643193689329719,-0.1688871787371835,-0.023717600516358277,-0.025917859432673284
bbox,nn1,0,-0.1112190683802527,-0.11703459941770517,-0.21539904237483895,-0.23180125900617043,-0.06629177195550359,-0.07086090149743757
bbox,knn5,0,-0.11731864714089295,-0.125039446016104,-0.21257628621443156,-0.22997394158253562,-0.0650935995235623,-0.07153823192019194
bbox,knn10,0,-0.1194506845592674,-0.1278965665539675,-0.2038317743483606,-0.21982825641096498,-0.06281683893630194,-0.07025678969910848
bbox,mean25,0,-0.1165322465373343,-0.12493791941077532,-0.1647398526229178,-0.17844478934929695,-0.052459764392878076,-0.060312357104513804
bbox,centroid,0,-0.11502051829977826,-0.1236492610123563,-0.17097791994060973,-0.185460026506104,-0.05237570973111482,-0.06056459051163126
bbox,cov_q02,0,-0.1547492744666679,-0.15836495695352862,-0.14529287386000747,-0.1529022983709434,-0.061482288041832964,-0.06445977798008752
bbox,cov_q05,0,-0.15322345444671634,-0.15664750302642183,-0.17798957991990988,-0.18032116339414053,-0.06612970465925666,-0.06942531330077883
bbox,cov_q10,0,-0.14223484791195487,-0.14666679728253443,-0.19084100481691635,-0.19737093193497182,-0.06536295473555065,-0.06926846008526502
structure,nn1,0,-0.13307879526776323,-0.13680947486272066,-0.19156109347802466,-0.18609463537484727,-0.08114787843605684,-0.08384529133288263
structure,knn5,0,-0.1297281526774066,-0.13442927589371093,-0.20671531270911203,-0.20443087699465978,-0.07278674447220224,-0.07650336237438622
structure,knn10,0,-0.12501404680586964,-0.13072043102031822,-0.20790782244852474,-0.20747381396030135,-0.06582211526642497,-0.07070155450950634
structure,mean25,0,-0.10966237012764095,-0.11674650671077105,-0.18819582201318888,-0.19303909137645073,-0.04812676327277231,-0.054793684043435674
structure,centroid,0,-0.11044190610247533,-0.11733169049509533,-0.20339358526936477,-0.2049400798326426,-0.045331055680375286,-0.05177347791490866
structure,cov_q02,0,-0.1286503805437632,-0.13543827093682725,-0.11111975382577614,-0.1208426450922613,-0.049386063131283235,-0.05100922477294412
structure,cov_q05,0,-0.13025372759951007,-0.13643850209837027,-0.14355214868050772,-0.15390008421730725,-0.04619607291249905,-0.049659824999602975
structure,cov_q10,0,-0.12912277318627155,-0.13554608409221638,-0.16881380932437556,-0.17331782110970473,-0.047727840105717595,-0.05245384336997066
volatility,nn1,0,-0.10882042991244184,-0.11359838205090683,-0.0817467718586125,-0.08387488102578522,-0.06617194855362961,-0.07074764186207526
volatility,knn5,0,-0.11879382315975393,-0.12327498648775788,-0.10322939610088602,-0.10552911841638747,-0.06677343978226748,-0.07065628041794346
volatility,knn10,0,-0.1167979345662303,-0.12221633579729893,-0.11274434205285598,-0.11891210209154064,-0.05859827342279431,-0.06305350566731217
volatility,mean25,0,-0.10727594983797052,-0.11308955745413952,-0.09709932928651367,-0.1047213969632495,-0.04021696576042566,-0.044397753987143636
volatility,centroid,0,-0.10451898498239144,-0.11135013210455219,-0.1031213841125494,-0.11558558926456047,-0.03715367260162057,-0.04206629613616699
volatility,cov_q02,0,-0.12191763954173412,-0.1290800831169346,-0.11591865611634568,-0.12500956090305362,-0.031573698759976315,-0.034869226105348476
volatility,cov_q05,0,-0.13470920318929003,-0.14273511333214164,-0.12475296715829418,-0.1414530542632565,-0.040137828786266615,-0.04455411521417723
volatility,cov_q10,0,-0.13289300779287488,-0.1408140056536745,-0.11623511126609781,-0.13892124112749601,-0.04587359055748859,-0.05003301369797986
multiview,nn1,0,-0.1516408525208261,-0.151898110899843,-0.14186686413829006,-0.1383571277058776,-0.09854287365936203,-0.09685170184755261
multiview,knn5,0,-0.152452360474638,-0.15304258023985845,-0.14645896479039539,-0.14663998040128645,-0.09109153648274075,-0.08932056789646811
multiview,knn10,0,-0.14720525296506878,-0.1484952403157244,-0.15442293221964107,-0.1571178997829801,-0.08060140783920806,-0.07949685866143086
multiview,mean25,0,-0.1189754763059881,-0.12203635367132633,-0.1278516066851318,-0.1350484236427889,-0.04366901962648924,-0.04458963029932792
multiview,centroid,0,-0.12465521257085478,-0.12775626571798274,-0.1411815536083936,-0.15117408156687115,-0.045160037034027954,-0.04565262744569049
multiview,cov_q02,0,-0.10554825658159901,-0.10740212156079333,-0.1143831857203812,-0.13713728500966066,-0.010932104001086494,-0.009236289601658057
multiview,cov_q05,0,-0.12811786841981754,-0.13061574206624624,-0.12432827004650558,-0.14017767036347736,-0.014646476437047343,-0.013701309100930727
multiview,cov_q10,0,-0.13680158319566832,-0.14033477670976624,-0.12137525999551067,-0.1357025357546822,-0.024820953884694755,-0.023928387202946575
d57,nn1,0,-0.11451639995974564,-0.11850531311982002,-0.1943551127412225,-0.18691258664194232,-0.056351387046431244,-0.06022459956446819
d57,knn5,0,-0.1077284023106459,-0.11313829161840253,-0.1928206099432601,-0.185616269163418,-0.043808111495176404,-0.04919141789485636
d57,knn10,0,-0.10240018280420077,-0.10834288829208248,-0.18023813053121596,-0.17376401822478957,-0.0356687266480025,-0.04184442617719491
d57,mean25,0,-0.08491909548957965,-0.09068209365675375,-0.12018253657610264,-0.11523403721419756,-0.014508086030932758,-0.02082347488105112
d57,centroid,0,-0.0875914636918921,-0.09373946488430698,-0.15092109432783168,-0.14593189379212235,-0.012787496117936097,-0.019510910622663198
d57,cov_q02,0,-0.10599862878217976,-0.10523733510875227,-0.06215879691618205,-0.06639258712301178,-0.016230702998121644,-0.015571465005800303
d57,cov_q05,0,-0.10962619816706404,-0.11164952343701903,-0.09255757167571287,-0.08780636620603158,-0.02080895826810624,-0.022842314674838913
d57,cov_q10,0,-0.10185127317162616,-0.10821864089251679,-0.1190865103994658,-0.1181467253559986,-0.018220212749901196,-0.024068539440048338
dinov2_pretrained,nn1,0,-0.24885556550162252,-0.2521125499169541,-0.2320302465472634,-0.23613559024311467,-0.15594114194178813,-0.15469092237052393
dinov2_pretrained,knn5,0,-0.2424362146229119,-0.2467665333226003,-0.21479701307421198,-0.22564327919903307,-0.14864443092703578,-0.14818364401349943
dinov2_pretrained,knn10,0,-0.2341041231971942,-0.23893388198508922,-0.19058405503842998,-0.20717930605905913,-0.13922764566789506,-0.1388800790543235
dinov2_pretrained,mean25,0,-0.2163604815515436,-0.22120225198923563,-0.1380154724759892,-0.15761120648978985,-0.1184911914242714,-0.11774664694544582
dinov2_pretrained,centroid,0,-0.22688960939781908,-0.23130319278524974,-0.21164737145980084,-0.23127768314114416,-0.1200650758771867,-0.11860036814675584
dinov2_pretrained,cov_q02,0,-0.1817033513286375,-0.18871825167012343,-0.17239400787019896,-0.18967193687995337,-0.034614902343205106,-0.030920856531772793
dinov2_pretrained,cov_q05,0,-0.20971281832874633,-0.21399508143711268,-0.19758946981188413,-0.206845765452002,-0.0791955221586239,-0.07833955436103371
dinov2_pretrained,cov_q10,0,-0.22452375467440466,-0.22913636016475236,-0.1638790541462796,-0.16077217926021428,-0.11614677304633175,-0.11725117913163206
viewdepth_objmean,nn1,0,-0.14649045032083405,-0.15181326024236153,-0.18908687763207496,-0.18829460548516733,-0.06701970197155274,-0.07213132517164789
viewdepth_objmean,knn5,0,-0.1471191362351318,-0.15265452792483625,-0.19755791565625144,-0.19354445363229789,-0.0667058878318612,-0.07218197671484036
viewdepth_objmean,knn10,0,-0.1443215590958738,-0.14988887500851863,-0.20024244978967182,-0.19660306270009076,-0.06279842332714393,-0.06834138683251198
viewdepth_objmean,mean25,0,-0.1300283402441941,-0.13560148120544283,-0.1778091381941297,-0.17998452332317114,-0.04501611166613001,-0.050607773495314985
viewdepth_objmean,centroid,0,-0.13414378876809355,-0.13979187790245132,-0.19688352849230045,-0.19686408628563717,-0.04358385010672583,-0.04885619782174733
viewdepth_objmean,cov_q02,0,-0.12246156760984182,-0.12049597037126782,-0.14451878774677818,-0.153302846330464,-0.02118108569397181,-0.017391960374845347
viewdepth_objmean,cov_q05,0,-0.14064728449266545,-0.14085508103698294,-0.15528294987243743,-0.15562212862381766,-0.02967164548015374,-0.029321663350534256
viewdepth_objmean,cov_q10,0,-0.13812314931558686,-0.14414230376292925,-0.1564034595142366,-0.15066034195389466,-0.03253384446980917,-0.039605789649514236
viewdepth_image,view_nn1,0,-0.1505046918700874,-0.15906482620850967,-0.19299863719721444,-0.20125163860731343,-0.054461370604660594,-0.06314034052753627
viewdepth_image,view_knn5,0,-0.1440049277017426,-0.1526980501903029,-0.18952032343204078,-0.19818240895077155,-0.04804221759844589,-0.057155124118132616
viewdepth_image,view_knn10,0,-0.13893577050131714,-0.1475296783391364,-0.18788248206747046,-0.19554167573345158,-0.04402374536927681,-0.053197887551995934
viewdepth_image,view_nn1_sameview,0,-0.16507785833527502,-0.171849734300912,-0.19562508167495932,-0.19865252259401078,-0.07449197990629094,-0.08044248618515802
viewdepth_image,view_knn5_sameview,0,-0.16504823759801518,-0.1724368781461202,-0.19551486985442929,-0.19828039940233624,-0.07325266099245888,-0.0801678395192992
