model,trial,knn10,nn1,cov,margin,pre
0,shapenet19,0.5469138361111341,0.42066541177549555,0.0,0.2065982222557068,0.0506070256233215
0,shapenet22,0.3875292681684689,0.18731851614350598,0.0,0.3045578002929687,0.1911990642547607
0,shapenet25,0.453088414158055,0.3205132336851039,0.0,0.307587206363678,0.2099207639694214
0,shapenet74,0.46085694612638434,0.3995337881883454,0.0,-0.0520271658897399,-0.0312279462814331
0,shapenet118,0.39706363836377634,0.2882780580820404,0.0,0.0347686409950256,0.0405457615852355
0,shapenet119,0.6171234735314741,0.48499102338182853,0.0,-0.0384088158607482,-0.0691739320755004
0,shapenet126,0.14901493425851448,0.07944193822476275,1.2424533248940002,0.1155682802200317,-0.0086699128150939
0,shapenet184,0.3928855373190596,0.3343306648857496,0.0,0.1749759167432785,0.0380235612392425
0,shapenet186,0.6434055365493718,0.40704549450710603,0.0,0.4263445641845464,0.2805328369140625
0,shapenet204,0.4463167119689917,0.3447285406546144,0.0,0.2434431910514831,0.0291332602500915
0,shapenet232,0.5659040968475886,0.2798071462100218,0.0,0.2841332256793976,0.153318852186203
0,shapenet260,0.42584498495998246,0.20608227847784238,0.0,0.2378606349229812,0.0861707031726837
0,shapenet262,0.5819161126540083,0.40466267682792434,0.0,-0.0196862816810607,-0.1050140261650085
0,shapenet268,0.5673749367260661,0.3435046141652799,0.0,0.0359754860401153,-0.0165807008743286
0,shapenet271,0.40117126963959093,0.29999984326113127,0.0,0.1310463547706604,0.066796600818634
0,shapenet289,0.5157650282897285,0.26909680340280945,0.0,0.1451470255851745,0.0571181178092956
0,shapenet304,0.4731976046724996,0.2946903815832609,0.0,0.3856854736804962,0.2207829654216766
0,shapenet307,0.17751472941655316,0.06055216076498876,0.34657359027997264,0.132579892873764,0.0181713700294494
0,shapenet359,0.2731148071820091,0.20177023285405865,0.0,-0.0644553899765014,-0.0478737950325012
0,shapenet372,0.3609570903254777,0.2606957759219234,0.0,0.0896278917789459,-0.066386193037033
0,shapenet379,0.529873990337254,0.28384334324350835,0.0,0.1913220584392547,0.1614040732383728
0,shapenet388,0.4542791091650263,0.23701733038419032,0.8958797346140275,0.1133593320846557,0.0488551259040832
0,shapenet453,0.3150479445014578,0.26628112429059225,0.0,0.2671882510185241,0.0975065231323242
0,shapenet478,0.5045372280993367,0.4258237247095197,0.0,0.3975048884749412,0.3121097087860107
0,shapenet482,0.6271941566563499,0.5301392205483282,0.0,0.2038649916648864,0.1997835636138916
0,shapenet518,0.6062320859225256,0.38866086880586703,0.0,0.2124315500259399,0.0327659845352172
0,shapenet529,0.3712157199774071,0.15592667379194836,0.0,0.0950658619403839,-0.0335785150527954
0,shapenet535,0.4077006348241681,0.2543956841959944,0.0,0.022024393081665,-0.0375724732875824
0,shapenet580,0.5872540294822945,0.35252733633460404,0.0,0.1452221423387527,0.0883298516273498
0,shapenet592,0.453088414158055,0.3205132336851039,0.0,0.2811865210533142,0.1592598855495453
0,shapenet608,0.5469138361111341,0.42066541177549555,0.0,0.1271980702877044,0.1172828674316406
0,shapenet616,0.6171234735314741,0.48499102338182853,0.0,0.1613346338272094,0.144422709941864
0,shapenet666,0.39706363836377634,0.2882780580820404,0.0,0.2441263198852539,0.120289921760559
0,shapenet683,0.46085694612638434,0.3995337881883454,0.0,0.0312641859054565,0.0489208102226257
0,shapenet686,0.3875292681684689,0.18731851614350598,0.0,0.1915133595466613,0.064503788948059
0,shapenet697,0.5872540294822945,0.35252733633460404,0.0,0.2568371295928955,0.0468218922615051
0,shapenet732,0.14901493425851448,0.07944193822476275,1.2424533248940002,0.0566022992134094,0.0310443639755249
0,shapenet740,0.5425596518003238,0.35355726005425403,0.0,0.3209638297557831,0.1906965374946594
0,shapenet759,0.46794304389250163,0.31639649831855005,0.0,0.062149167060852,-0.0092963576316833
0,shapenet782,0.33072139678271006,0.2034008413239487,0.0,0.1490010619163513,0.0130805373191833
0,shapenet808,0.2191203235159617,0.12602551821700636,0.34657359027997264,-0.0182081460952758,0.0088021755218505
0,shapenet820,0.4778693056378489,0.2762649839724407,0.0,0.2693302035331726,0.1661158204078674
0,shapenet840,0.6023157189397573,0.41994752894687176,0.0,0.1644619107246399,0.0693280100822448
0,shapenet846,0.3750148432103386,0.1532695100521314,0.34657359027997264,0.3263085931539535,0.102748155593872
0,shapenet867,0.5444230710347886,0.39143187949778785,0.0,0.397706463932991,0.2905645370483398
0,shapenet877,0.28045203068402147,0.24056814054022846,0.0,0.168866753578186,0.0178351402282714
0,shapenet906,0.46794304389250163,0.31639649831855005,0.0,0.0818763971328735,0.0447152853012084
0,shapenet918,0.6023157189397573,0.41994752894687176,0.0,0.0917499661445617,-0.0076104998588562
0,shapenet942,0.5425596518003238,0.35355726005425403,0.0,0.1109829545021057,0.1604292690753936
0,shapenet943,0.28045203068402147,0.24056814054022846,0.0,0.06570965051651,-0.0192859172821044
0,shapenet966,0.5444230710347886,0.39143187949778785,0.0,0.1553157866001129,0.0886536538600921
0,shapenet989,0.33072139678271006,0.2034008413239487,0.0,0.011362999677658,-0.0186413526535034
0,shapenet1005,0.3750148432103386,0.1532695100521314,0.34657359027997264,0.2341044098138809,0.0517405867576599
0,shapenet1019,0.4778693056378489,0.2762649839724407,0.0,0.1804684698581695,0.1106313467025756
0,shapenet1023,0.2191203235159617,0.12602551821700636,0.34657359027997264,0.0893928706645965,0.0011004209518432
0,shapenet1070,0.3609570903254777,0.2606957759219234,0.0,0.1960698366165161,0.0718432664871215
0,shapenet1074,0.17751472941655316,0.06055216076498876,0.34657359027997264,0.2818169891834259,0.1257690191268921
0,shapenet1079,0.529873990337254,0.28384334324350835,0.0,0.2142380177974701,0.1123298406600952
0,shapenet1113,0.2731148071820091,0.20177023285405865,0.0,0.066752016544342,-0.0017550587654113
0,shapenet1141,0.5157650282897285,0.26909680340280945,0.0,-0.0404967665672302,-0.0316673517227172
0,shapenet1142,0.4731976046724996,0.2946903815832609,0.0,0.2180387079715728,0.1275563836097717
0,shapenet1149,0.4542791091650263,0.23701733038419032,0.8958797346140275,0.1853927969932556,0.1033546924591064
0,shapenet1186,0.6434055365493718,0.40704549450710603,0.0,0.0847426056861877,-0.0476050376892089
0,shapenet1234,0.5819161126540083,0.40466267682792434,0.0,0.0763238668441772,0.0737968981266021
0,shapenet1250,0.5673749367260661,0.3435046141652799,0.0,0.2801291644573211,0.1765790581703186
0,shapenet1255,0.40117126963959093,0.29999984326113127,0.0,0.0008816719055175,-0.0990598201751709
0,shapenet1263,0.4463167119689917,0.3447285406546144,0.0,0.3906785920262337,0.2409014403820037
0,shapenet1296,0.5659040968475886,0.2798071462100218,0.0,0.2578615844249725,0.1303049027919769
0,shapenet1312,0.42584498495998246,0.20608227847784238,0.0,0.3633744418621063,0.2861449420452118
0,shapenet1321,0.3928855373190596,0.3343306648857496,0.0,0.2214845418930053,0.181105375289917
0,shapenet1357,0.4077006348241681,0.2543956841959944,0.0,0.3014517426490783,0.1531468033790588
0,shapenet1361,0.6062320859225256,0.38866086880586703,0.0,0.2867100536823272,0.1332599520683288
0,shapenet1397,0.3150479445014578,0.26628112429059225,0.0,0.2036029398441314,0.0369682908058166
0,shapenet1402,0.6271941566563499,0.5301392205483282,0.0,0.2251365184783935,0.1425018906593322
0,shapenet1470,0.3712157199774071,0.15592667379194836,0.0,0.1266780495643615,0.0665143132209777
0,shapenet1491,0.5045372280993367,0.4258237247095197,0.0,0.2908833622932434,0.2346081137657165
1,shapenet19,0.5373628391864693,0.4235221207208419,0.0,0.2125335335731506,0.0506070256233215
1,shapenet22,0.35176991220931475,0.16511314204575822,0.0,0.3037707209587097,0.1911990642547607
1,shapenet25,0.45566888451414894,0.3699892072107946,0.0,0.2368656992912292,0.2099207639694214
1,shapenet74,0.4910032807684168,0.43615208300419245,0.0,-0.0354797542095184,-0.0312279462814331
1,shapenet118,0.3841832649176743,0.25242128347607035,0.0,0.0660845339298248,0.0405457615852355
1,shapenet119,0.5263857147016876,0.40167390276097353,0.0,-0.0559728741645813,-0.0691739320755004
1,shapenet126,0.20498213315605238,0.11402599536117142,0.34657359027997264,0.1046426892280578,-0.0086699128150939
1,shapenet184,0.44925970984705366,0.36797038109564006,0.0,0.1765171289443969,0.0380235612392425
1,shapenet186,0.6006453296159512,0.413166023175223,0.0,0.4008745737373829,0.2805328369140625
1,shapenet204,0.44200596039847484,0.31976061253633603,0.0,0.1813849210739135,0.0291332602500915
1,shapenet232,0.5611750164616063,0.38335244741134156,0.0,0.2909123450517654,0.153318852186203
1,shapenet260,0.40619942878222637,0.2663947759913532,0.0,0.1716096103191375,0.0861707031726837
1,shapenet262,0.5209995062578366,0.35179323726617434,0.0,-0.0201209187507629,-0.1050140261650085
1,shapenet268,0.4607763489921084,0.26010379316989196,0.0,0.0360592305660247,-0.0165807008743286
1,shapenet271,0.3782064777422979,0.275326080194291,0.0,0.1356304287910461,0.066796600818634
1,shapenet289,0.44388795920386226,0.24638900527378316,0.0,0.1984142661094665,0.0571181178092956
1,shapenet304,0.4997864827140617,0.3346176632611315,0.0,0.3437773585319519,0.2207829654216766
1,shapenet307,0.2202130329172064,0.11981411217394788,0.34657359027997264,0.1154544353485107,0.0181713700294494
1,shapenet359,0.26818271122530424,0.14159666789659275,0.0,-0.0425212979316711,-0.0478737950325012
1,shapenet372,0.3731931446120441,0.3106522645853531,0.0,0.1075958609580993,-0.066386193037033
1,shapenet379,0.5383161271644707,0.38622248277029975,0.0,0.1862629950046539,0.1614040732383728
1,shapenet388,0.45623823561119004,0.2554266911616935,0.8047189562170501,0.1319069564342498,0.0488551259040832
1,shapenet453,0.3442394224594223,0.23474812376139303,0.0,0.2787616848945617,0.0975065231323242
1,shapenet478,0.5556357416416904,0.4800150714665689,0.0,0.3681751936674118,0.3121097087860107
1,shapenet482,0.6058859435759101,0.46395022455797746,0.0,0.2405622750520706,0.1997835636138916
1,shapenet518,0.5460726728892712,0.3933326085957941,0.0,0.2625716924667358,0.0327659845352172
1,shapenet529,0.374320363974001,0.2417232364418757,0.0,0.0484737455844879,-0.0335785150527954
1,shapenet535,0.36413590844818544,0.20667159939363944,0.0,0.0286589860916137,-0.0375724732875824
1,shapenet580,0.5921665329292992,0.4582720797853146,0.0,0.1301786750555038,0.0883298516273498
1,shapenet592,0.45566888451414894,0.3699892072107946,0.0,0.2186415791511535,0.1592598855495453
1,shapenet608,0.5373628391864693,0.4235221207208419,0.0,0.0996775925159454,0.1172828674316406
1,shapenet616,0.5263857147016876,0.40167390276097353,0.0,0.1193536520004272,0.144422709941864
1,shapenet666,0.3841832649176743,0.25242128347607035,0.0,0.216008722782135,0.120289921760559
1,shapenet683,0.4910032807684168,0.43615208300419245,0.0,0.0039635896682739,0.0489208102226257
1,shapenet686,0.35176991220931475,0.16511314204575822,0.0,0.1495243310928344,0.064503788948059
1,shapenet697,0.5921665329292992,0.4582720797853146,0.0,0.2806724607944488,0.0468218922615051
1,shapenet732,0.20498213315605238,0.11402599536117142,0.34657359027997264,0.0551719665527343,0.0310443639755249
1,shapenet740,0.5569267665135862,0.4041225562389599,0.0,0.3001749813556671,0.1906965374946594
1,shapenet759,0.4031698441571014,0.24321688619625148,0.0,0.0582294464111328,-0.0092963576316833
1,shapenet782,0.3730372746954146,0.2504576493311036,0.0,0.1242907643318176,0.0130805373191833
1,shapenet808,0.23205256502362148,0.19079972831877273,0.0,0.0014293193817138,0.0088021755218505
1,shapenet820,0.41454122585552966,0.31665648728251783,0.0,0.2140520215034485,0.1661158204078674
1,shapenet840,0.5730682554417508,0.46868047713272754,0.0,0.1462969183921814,0.0693280100822448
1,shapenet846,0.3772763954630284,0.14971266071540412,0.34657359027997264,0.3322539627552032,0.102748155593872
1,shapenet867,0.4984876925580424,0.35106633145320204,0.0,0.3913120925426483,0.2905645370483398
1,shapenet877,0.2885412190296131,0.21713343353734932,0.0,0.1751057207584381,0.0178351402282714
1,shapenet906,0.4031698441571014,0.24321688619625148,0.0,0.0848791003227233,0.0447152853012084
1,shapenet918,0.5730682554417508,0.46868047713272754,0.0,0.1188861727714538,-0.0076104998588562
1,shapenet942,0.5569267665135862,0.4041225562389599,0.0,0.1437638998031616,0.1604292690753936
1,shapenet943,0.2885412190296131,0.21713343353734932,0.0,0.0249963998794555,-0.0192859172821044
1,shapenet966,0.4984876925580424,0.35106633145320204,0.0,0.1598372310400009,0.0886536538600921
1,shapenet989,0.3730372746954146,0.2504576493311036,0.0,-0.0561496019363403,-0.0186413526535034
1,shapenet1005,0.3772763954630284,0.14971266071540412,0.34657359027997264,0.2321758866310119,0.0517405867576599
1,shapenet1019,0.41454122585552966,0.31665648728251783,0.0,0.1865153014659881,0.1106313467025756
1,shapenet1023,0.23205256502362148,0.19079972831877273,0.0,0.0628157556056976,0.0011004209518432
1,shapenet1070,0.3731931446120441,0.3106522645853531,0.0,0.2278403043746948,0.0718432664871215
1,shapenet1074,0.2202130329172064,0.11981411217394788,0.34657359027997264,0.2623049616813659,0.1257690191268921
1,shapenet1079,0.5383161271644707,0.38622248277029975,0.0,0.2314625382423401,0.1123298406600952
1,shapenet1113,0.26818271122530424,0.14159666789659275,0.0,0.0695494413375854,-0.0017550587654113
1,shapenet1141,0.44388795920386226,0.24638900527378316,0.0,-0.0496169924736022,-0.0316673517227172
1,shapenet1142,0.4997864827140617,0.3346176632611315,0.0,0.1947012841701507,0.1275563836097717
1,shapenet1149,0.45623823561119004,0.2554266911616935,0.8047189562170501,0.1766330599784851,0.1033546924591064
1,shapenet1186,0.6006453296159512,0.413166023175223,0.0,0.0619798898696899,-0.0476050376892089
1,shapenet1234,0.5209995062578366,0.35179323726617434,0.0,0.0730718672275543,0.0737968981266021
1,shapenet1250,0.4607763489921084,0.26010379316989196,0.0,0.2715227007865906,0.1765790581703186
1,shapenet1255,0.3782064777422979,0.275326080194291,0.0,-0.0232723355293273,-0.0990598201751709
1,shapenet1263,0.44200596039847484,0.31976061253633603,0.0,0.3888313397765159,0.2409014403820037
1,shapenet1296,0.5611750164616063,0.38335244741134156,0.0,0.2418653815984726,0.1303049027919769
1,shapenet1312,0.40619942878222637,0.2663947759913532,0.0,0.3131906986236572,0.2861449420452118
1,shapenet1321,0.44925970984705366,0.36797038109564006,0.0,0.1750606894493103,0.181105375289917
1,shapenet1357,0.36413590844818544,0.20667159939363944,0.0,0.2207785844802856,0.1531468033790588
1,shapenet1361,0.5460726728892712,0.3933326085957941,0.0,0.2932123243808746,0.1332599520683288
1,shapenet1397,0.3442394224594223,0.23474812376139303,0.0,0.226524144411087,0.0369682908058166
1,shapenet1402,0.6058859435759101,0.46395022455797746,0.0,0.2476645708084106,0.1425018906593322
1,shapenet1470,0.374320363974001,0.2417232364418757,0.0,0.1637700200080871,0.0665143132209777
1,shapenet1491,0.5556357416416904,0.4800150714665689,0.0,0.299683928489685,0.2346081137657165
2,shapenet19,0.5042771031440187,0.43739144278577347,0.0,0.1584982872009277,0.0506070256233215
2,shapenet22,0.3918973535662975,0.25392519054320184,0.0,0.293689876794815,0.1911990642547607
2,shapenet25,0.4204015714046142,0.21388921210696588,0.34657359027997264,0.3033099770545959,0.2099207639694214
2,shapenet74,0.48925712118042,0.43422546700125964,0.0,-0.0479788780212402,-0.0312279462814331
2,shapenet118,0.38347296471904824,0.28304047971524204,0.0,0.0696802735328674,0.0405457615852355
2,shapenet119,0.5887053060309632,0.5018699672156113,0.0,-0.067563772201538,-0.0691739320755004
2,shapenet126,0.16163770397006988,0.07771008841469107,1.1512925464970227,0.101742148399353,-0.0086699128150939
2,shapenet184,0.4120135171424075,0.3456267811024263,0.0,0.1042136251926422,0.0380235612392425
2,shapenet186,0.6229321802527946,0.39454194889589356,0.0,0.4143054001033306,0.2805328369140625
2,shapenet204,0.4159771483678526,0.33257902555269653,0.0,0.2322113513946533,0.0291332602500915
2,shapenet232,0.5112327881140056,0.22354989265342312,0.34657359027997264,0.2843061983585357,0.153318852186203
2,shapenet260,0.3967371570756324,0.2296726490282162,0.0,0.2110466808080673,0.0861707031726837
2,shapenet262,0.5399960038276027,0.39892136973314823,0.0,-0.0164029598236084,-0.1050140261650085
2,shapenet268,0.506203395142049,0.3007965013981582,0.0,0.019487589597702,-0.0165807008743286
2,shapenet271,0.34806582067196884,0.19099711034665656,0.0,0.1358838975429535,0.066796600818634
2,shapenet289,0.5051305803144244,0.3833127369303805,0.0,0.1344618797302246,0.0571181178092956
2,shapenet304,0.4951898468258405,0.41734513062251716,0.0,0.3488373011350631,0.2207829654216766
2,shapenet307,0.18779760660243333,0.12635188674412212,0.34657359027997264,0.1446976363658905,0.0181713700294494
2,shapenet359,0.25701224940178835,0.17641338995471922,0.0,-0.0261290073394775,-0.0478737950325012
2,shapenet372,0.3567845894380355,0.2180940910161699,0.0,0.0926419198513031,-0.066386193037033
2,shapenet379,0.5135020727009512,0.39127030917838135,0.0,0.1999679207801818,0.1614040732383728
2,shapenet388,0.45938295939607154,0.3220943714216715,0.8047189562170501,0.1398231089115142,0.0488551259040832
2,shapenet453,0.29414563435023733,0.22202149640649904,0.0,0.2355627715587616,0.0975065231323242
2,shapenet478,0.5618421142172167,0.48242773706964187,0.0,0.3537314459681511,0.3121097087860107
2,shapenet482,0.6191883662066267,0.47644254814242804,0.0,0.2154322862625122,0.1997835636138916
2,shapenet518,0.6108329321168025,0.4299117182486601,0.0,0.1922232508659362,0.0327659845352172
2,shapenet529,0.34640075367038026,0.20596421207050375,0.0,0.06650310754776,-0.0335785150527954
2,shapenet535,0.4035476881380703,0.30015689190667394,0.0,0.0010941326618194,-0.0375724732875824
2,shapenet580,0.5810106895198321,0.43000948248373444,0.0,0.1718842983245849,0.0883298516273498
2,shapenet592,0.4204015714046142,0.21388921210696588,0.34657359027997264,0.2533289790153503,0.1592598855495453
2,shapenet608,0.5042771031440187,0.43739144278577347,0.0,0.0480918288230896,0.1172828674316406
2,shapenet616,0.5887053060309632,0.5018699672156113,0.0,0.1586479544639587,0.144422709941864
2,shapenet666,0.38347296471904824,0.28304047971524204,0.0,0.1994072794914245,0.120289921760559
2,shapenet683,0.48925712118042,0.43422546700125964,0.0,0.029896467924118,0.0489208102226257
2,shapenet686,0.3918973535662975,0.25392519054320184,0.0,0.1627422571182251,0.064503788948059
2,shapenet697,0.5810106895198321,0.43000948248373444,0.0,0.3083586320281029,0.0468218922615051
2,shapenet732,0.16163770397006988,0.07771008841469107,1.1512925464970227,0.0391662716865539,0.0310443639755249
2,shapenet740,0.5921795402935823,0.506035601330479,0.0,0.3089670240879059,0.1906965374946594
2,shapenet759,0.43217723227542376,0.26603230040197456,0.0,0.0616779327392578,-0.0092963576316833
2,shapenet782,0.3518044692552824,0.2573438734672349,0.0,0.1681200563907623,0.0130805373191833
2,shapenet808,0.21199397406161674,0.12402162834036312,0.34657359027997264,-0.009617656469345,0.0088021755218505
2,shapenet820,0.47070319627265755,0.36952075486242936,0.0,0.2515066266059875,0.1661158204078674
2,shapenet840,0.589661074152593,0.3639658101872062,0.0,0.1734780371189117,0.0693280100822448
2,shapenet846,0.3388745402925146,0.15156784472892093,0.0,0.3022952526807785,0.102748155593872
2,shapenet867,0.5830515060706829,0.3834106684811329,0.0,0.345150351524353,0.2905645370483398
2,shapenet877,0.2736976030197167,0.18644429772061588,0.34657359027997264,0.1705943346023559,0.0178351402282714
2,shapenet906,0.43217723227542376,0.26603230040197456,0.0,0.0991973876953125,0.0447152853012084
2,shapenet918,0.589661074152593,0.3639658101872062,0.0,0.1012955904006958,-0.0076104998588562
2,shapenet942,0.5921795402935823,0.506035601330479,0.0,0.196007490158081,0.1604292690753936
2,shapenet943,0.2736976030197167,0.18644429772061588,0.34657359027997264,0.0486139059066772,-0.0192859172821044
2,shapenet966,0.5830515060706829,0.3834106684811329,0.0,0.1486145406961441,0.0886536538600921
2,shapenet989,0.3518044692552824,0.2573438734672349,0.0,0.0123646855354309,-0.0186413526535034
2,shapenet1005,0.3388745402925146,0.15156784472892093,0.0,0.2198492884635925,0.0517405867576599
2,shapenet1019,0.47070319627265755,0.36952075486242936,0.0,0.1822312176227569,0.1106313467025756
2,shapenet1023,0.21199397406161674,0.12402162834036312,0.34657359027997264,0.0884080529212951,0.0011004209518432
2,shapenet1070,0.3567845894380355,0.2180940910161699,0.0,0.2038434147834777,0.0718432664871215
2,shapenet1074,0.18779760660243333,0.12635188674412212,0.34657359027997264,0.2660607993602752,0.1257690191268921
2,shapenet1079,0.5135020727009512,0.39127030917838135,0.0,0.2276146411895752,0.1123298406600952
2,shapenet1113,0.25701224940178835,0.17641338995471922,0.0,0.0710241794586181,-0.0017550587654113
2,shapenet1141,0.5051305803144244,0.3833127369303805,0.0,-0.0511168837547302,-0.0316673517227172
2,shapenet1142,0.4951898468258405,0.41734513062251716,0.0,0.195563405752182,0.1275563836097717
2,shapenet1149,0.45938295939607154,0.3220943714216715,0.8047189562170501,0.215334951877594,0.1033546924591064
2,shapenet1186,0.6229321802527946,0.39454194889589356,0.0,0.075933814048767,-0.0476050376892089
2,shapenet1234,0.5399960038276027,0.39892136973314823,0.0,0.1041208207607269,0.0737968981266021
2,shapenet1250,0.506203395142049,0.3007965013981582,0.0,0.2598636746406555,0.1765790581703186
2,shapenet1255,0.34806582067196884,0.19099711034665656,0.0,-0.0443715155124664,-0.0990598201751709
2,shapenet1263,0.4159771483678526,0.33257902555269653,0.0,0.3770404662936926,0.2409014403820037
2,shapenet1296,0.5112327881140056,0.22354989265342312,0.34657359027997264,0.2463212311267852,0.1303049027919769
2,shapenet1312,0.3967371570756324,0.2296726490282162,0.0,0.3645373880863189,0.2861449420452118
2,shapenet1321,0.4120135171424075,0.3456267811024263,0.0,0.0983499884605407,0.181105375289917
2,shapenet1357,0.4035476881380703,0.30015689190667394,0.0,0.2443993687629699,0.1531468033790588
2,shapenet1361,0.6108329321168025,0.4299117182486601,0.0,0.286005899310112,0.1332599520683288
2,shapenet1397,0.29414563435023733,0.22202149640649904,0.0,0.247600644826889,0.0369682908058166
2,shapenet1402,0.6191883662066267,0.47644254814242804,0.0,0.2418294847011566,0.1425018906593322
2,shapenet1470,0.34640075367038026,0.20596421207050375,0.0,0.1551733016967773,0.0665143132209777
2,shapenet1491,0.5618421142172167,0.48242773706964187,0.0,0.2545966506004333,0.2346081137657165
3,shapenet19,0.5279792874696865,0.3926343597240674,0.0,0.1991770565509796,0.0506070256233215
3,shapenet22,0.32033199549404834,0.20414528498276735,0.5493061443340549,0.2941754460334778,0.1911990642547607
3,shapenet25,0.4772678917963873,0.35771657443569893,0.0,0.2855403125286102,0.2099207639694214
3,shapenet74,0.480798635231412,0.41868157525465105,0.0,-0.0329260528087616,-0.0312279462814331
3,shapenet118,0.34655648183503496,0.14567203873919887,0.34657359027997264,0.0586713701486587,0.0405457615852355
3,shapenet119,0.5780059605708598,0.4048092321948937,0.0,-0.033764362335205,-0.0691739320755004
3,shapenet126,0.20064138578175994,0.11915544862524602,0.34657359027997264,0.1023882627487182,-0.0086699128150939
3,shapenet184,0.41372576599176336,0.3365427628730812,0.0,0.1790846586227417,0.0380235612392425
3,shapenet186,0.6311846912258978,0.43477540827635164,0.0,0.4188353661447763,0.2805328369140625
3,shapenet204,0.45137312551601494,0.2952959565048257,0.0,0.2315194606781005,0.0291332602500915
3,shapenet232,0.47524372347973054,0.2891997235907058,0.0,0.285517007112503,0.153318852186203
3,shapenet260,0.3971948611440458,0.20390727951867127,0.0,0.1944907307624817,0.0861707031726837
3,shapenet262,0.5950362764411559,0.43282034636267763,0.0,-0.0402977764606475,-0.1050140261650085
3,shapenet268,0.5067225044472949,0.3376200860683799,0.0,0.0267311334609985,-0.0165807008743286
3,shapenet271,0.3562390673263779,0.17108453577938232,0.0,0.1262633055448532,0.066796600818634
3,shapenet289,0.48003957430982613,0.28430799815716307,0.0,0.1573894619941711,0.0571181178092956
3,shapenet304,0.4810890058191477,0.2999304095710767,0.0,0.3690296113491058,0.2207829654216766
3,shapenet307,0.21777611734933172,0.12513977766979167,0.34657359027997264,0.1394522190093994,0.0181713700294494
3,shapenet359,0.2413208909543461,0.1484110241008998,0.34657359027997264,-0.0559403300285339,-0.0478737950325012
3,shapenet372,0.3121763089132415,0.19121530596924613,0.0,0.1215248256921768,-0.066386193037033
3,shapenet379,0.4883754709353339,0.35847224901521263,0.0,0.1913902163505554,0.1614040732383728
3,shapenet388,0.4830600369276886,0.3099107112119957,0.5493061443340549,0.1402445435523986,0.0488551259040832
3,shapenet453,0.27849038109413027,0.11156430278010299,0.34657359027997264,0.2686465680599212,0.0975065231323242
3,shapenet478,0.5243567756897941,0.45803178755228446,0.0,0.3727635443210602,0.3121097087860107
3,shapenet482,0.5764346941413863,0.498522188984055,0.0,0.2300736904144287,0.1997835636138916
3,shapenet518,0.5713087893838653,0.42600710610496634,0.0,0.2421959042549133,0.0327659845352172
3,shapenet529,0.3167878340222449,0.14336571791977676,0.34657359027997264,0.0601657032966613,-0.0335785150527954
3,shapenet535,0.3900838823594187,0.19856162920193487,0.0,0.0225268602371215,-0.0375724732875824
3,shapenet580,0.5604744919068286,0.4299727861782243,0.0,0.1569248437881469,0.0883298516273498
3,shapenet592,0.4772678917963873,0.35771657443569893,0.0,0.2644944190979004,0.1592598855495453
3,shapenet608,0.5279792874696865,0.3926343597240674,0.0,0.0802704691886901,0.1172828674316406
3,shapenet616,0.5780059605708598,0.4048092321948937,0.0,0.1505621671676635,0.144422709941864
3,shapenet666,0.34655648183503496,0.14567203873919887,0.34657359027997264,0.2356016933917999,0.120289921760559
3,shapenet683,0.480798635231412,0.41868157525465105,0.0,0.0066271424293518,0.0489208102226257
3,shapenet686,0.32033199549404834,0.20414528498276735,0.5493061443340549,0.178877592086792,0.064503788948059
3,shapenet697,0.5604744919068286,0.4299727861782243,0.0,0.2706360071897506,0.0468218922615051
3,shapenet732,0.20064138578175994,0.11915544862524602,0.34657359027997264,0.0537436604499816,0.0310443639755249
3,shapenet740,0.5275039283628823,0.2862585307672885,0.0,0.3415058404207229,0.1906965374946594
3,shapenet759,0.39889269604672795,0.24617042133110828,0.0,0.051333725452423,-0.0092963576316833
3,shapenet782,0.36029757116927186,0.23685784551013217,0.0,0.1379095911979675,0.0130805373191833
3,shapenet808,0.21818908570420925,0.1018814760773139,0.8958797346140275,-0.0356059670448303,0.0088021755218505
3,shapenet820,0.4809579941875135,0.31389665622930213,0.0,0.2354780435562133,0.1661158204078674
3,shapenet840,0.5190832893515996,0.34836930180612846,0.0,0.153358906507492,0.0693280100822448
3,shapenet846,0.34105840251807373,0.16005733510012077,0.0,0.3364345282316208,0.102748155593872
3,shapenet867,0.5772636363846151,0.3684424625099968,0.0,0.3654169887304306,0.2905645370483398
3,shapenet877,0.26677301474323617,0.16298426327625792,0.0,0.1987701058387756,0.0178351402282714
3,shapenet906,0.39889269604672795,0.24617042133110828,0.0,0.0973742008209228,0.0447152853012084
3,shapenet918,0.5190832893515996,0.34836930180612846,0.0,0.0921991467475891,-0.0076104998588562
3,shapenet942,0.5275039283628823,0.2862585307672885,0.0,0.203924298286438,0.1604292690753936
3,shapenet943,0.26677301474323617,0.16298426327625792,0.0,0.0609081983566284,-0.0192859172821044
3,shapenet966,0.5772636363846151,0.3684424625099968,0.0,0.1744672656059265,0.0886536538600921
3,shapenet989,0.36029757116927186,0.23685784551013217,0.0,-0.0134755671024322,-0.0186413526535034
3,shapenet1005,0.34105840251807373,0.16005733510012077,0.0,0.247564822435379,0.0517405867576599
3,shapenet1019,0.4809579941875135,0.31389665622930213,0.0,0.1552823185920715,0.1106313467025756
3,shapenet1023,0.21818908570420925,0.1018814760773139,0.8958797346140275,0.0876875221729278,0.0011004209518432
3,shapenet1070,0.3121763089132415,0.19121530596924613,0.0,0.218732476234436,0.0718432664871215
3,shapenet1074,0.21777611734933172,0.12513977766979167,0.34657359027997264,0.2843655198812485,0.1257690191268921
3,shapenet1079,0.4883754709353339,0.35847224901521263,0.0,0.2211354076862335,0.1123298406600952
3,shapenet1113,0.2413208909543461,0.1484110241008998,0.34657359027997264,0.093054175376892,-0.0017550587654113
3,shapenet1141,0.48003957430982613,0.28430799815716307,0.0,-0.0533061623573303,-0.0316673517227172
3,shapenet1142,0.4810890058191477,0.2999304095710767,0.0,0.1930837035179138,0.1275563836097717
3,shapenet1149,0.4830600369276886,0.3099107112119957,0.5493061443340549,0.1645206809043884,0.1033546924591064
3,shapenet1186,0.6311846912258978,0.43477540827635164,0.0,0.075323462486267,-0.0476050376892089
3,shapenet1234,0.5950362764411559,0.43282034636267763,0.0,0.0765275359153747,0.0737968981266021
3,shapenet1250,0.5067225044472949,0.3376200860683799,0.0,0.269898772239685,0.1765790581703186
3,shapenet1255,0.3562390673263779,0.17108453577938232,0.0,-0.0063429772853851,-0.0990598201751709
3,shapenet1263,0.45137312551601494,0.2952959565048257,0.0,0.3774447571486234,0.2409014403820037
3,shapenet1296,0.47524372347973054,0.2891997235907058,0.0,0.2537658214569092,0.1303049027919769
3,shapenet1312,0.3971948611440458,0.20390727951867127,0.0,0.3469423502683639,0.2861449420452118
3,shapenet1321,0.41372576599176336,0.3365427628730812,0.0,0.1398348808288574,0.181105375289917
3,shapenet1357,0.3900838823594187,0.19856162920193487,0.0,0.2192605137825012,0.1531468033790588
3,shapenet1361,0.5713087893838653,0.42600710610496634,0.0,0.2987682372331619,0.1332599520683288
3,shapenet1397,0.27849038109413027,0.11156430278010299,0.34657359027997264,0.2309780865907669,0.0369682908058166
3,shapenet1402,0.5764346941413863,0.498522188984055,0.0,0.2405274212360382,0.1425018906593322
3,shapenet1470,0.3167878340222449,0.14336571791977676,0.34657359027997264,0.1533080339431762,0.0665143132209777
3,shapenet1491,0.5243567756897941,0.45803178755228446,0.0,0.2449428737163543,0.2346081137657165
4,shapenet19,0.513413486355298,0.3254170327721008,0.0,0.1951972842216491,0.0506070256233215
4,shapenet22,0.3786495217432181,0.20164959276645322,0.0,0.2751778364181518,0.1911990642547607
4,shapenet25,0.47442094617865427,0.19674356980394897,0.0,0.3004715144634247,0.2099207639694214
4,shapenet74,0.4820065942789953,0.4390614921627656,0.0,-0.0624094009399414,-0.0312279462814331
4,shapenet118,0.4124652987563992,0.32863880202339835,0.0,0.0697969049215316,0.0405457615852355
4,shapenet119,0.5629504790488868,0.35015185251223413,0.0,-0.0548219084739685,-0.0691739320755004
4,shapenet126,0.14904585926136907,0.07286304773160018,1.2424533248940002,0.1160977482795715,-0.0086699128150939
4,shapenet184,0.42598416912783194,0.35684692898379167,0.0,0.1452819257974624,0.0380235612392425
4,shapenet186,0.659211421099893,0.4876439358152178,0.0,0.4168314635753631,0.2805328369140625
4,shapenet204,0.44592401649695423,0.33187652525600536,0.0,0.2005497217178344,0.0291332602500915
4,shapenet232,0.5480479991389366,0.35532875475924286,0.0,0.2759907841682434,0.153318852186203
4,shapenet260,0.4309073818546566,0.24422340493565148,0.0,0.1649359762668609,0.0861707031726837
4,shapenet262,0.5932573472477398,0.45530271126562605,0.0,-0.0266355574131011,-0.1050140261650085
4,shapenet268,0.5007445008241601,0.24366975843405658,0.0,0.0247421562671661,-0.0165807008743286
4,shapenet271,0.38041056540121615,0.16171237055319032,0.0,0.1014394760131836,0.066796600818634
4,shapenet289,0.492107888965419,0.25605176305286276,0.0,0.1447953581809997,0.0571181178092956
4,shapenet304,0.43261163628729005,0.30754314175332237,0.0,0.3661604672670364,0.2207829654216766
4,shapenet307,0.18842904352121598,0.13315766203197615,0.0,0.1888880282640457,0.0181713700294494
4,shapenet359,0.2351117709269116,0.17831118663546275,0.0,-0.0214613676071167,-0.0478737950325012
4,shapenet372,0.3487269214171035,0.21374535461231337,0.0,0.1195095926523208,-0.066386193037033
4,shapenet379,0.5163950102063535,0.2934026102168779,0.0,0.1968774795532226,0.1614040732383728
4,shapenet388,0.4618071040217631,0.313315999738515,0.8047189562170501,0.1500442326068878,0.0488551259040832
4,shapenet453,0.2897594615241358,0.18162907002546508,0.0,0.2878110259771347,0.0975065231323242
4,shapenet478,0.5522139108783742,0.44714712302424797,0.0,0.3740904033184051,0.3121097087860107
4,shapenet482,0.5922852278777666,0.4462323311993341,0.0,0.2426643669605255,0.1997835636138916
4,shapenet518,0.5929045839192357,0.3734694775781642,0.0,0.2393212616443634,0.0327659845352172
4,shapenet529,0.3127077815744207,0.16267530045186157,0.0,0.0815111398696899,-0.0335785150527954
4,shapenet535,0.4066622618506064,0.26519665873294507,0.0,0.0137454867362976,-0.0375724732875824
4,shapenet580,0.5781322693078876,0.44447174604297307,0.0,0.123459905385971,0.0883298516273498
4,shapenet592,0.47442094617865427,0.19674356980394897,0.0,0.2853961288928985,0.1592598855495453
4,shapenet608,0.513413486355298,0.3254170327721008,0.0,0.1170125603675842,0.1172828674316406
4,shapenet616,0.5629504790488868,0.35015185251223413,0.0,0.1923747509717941,0.144422709941864
4,shapenet666,0.4124652987563992,0.32863880202339835,0.0,0.2136812210083007,0.120289921760559
4,shapenet683,0.4820065942789953,0.4390614921627656,0.0,0.0028736293315887,0.0489208102226257
4,shapenet686,0.3786495217432181,0.20164959276645322,0.0,0.1540471315383911,0.064503788948059
4,shapenet697,0.5781322693078876,0.44447174604297307,0.0,0.2715971618890762,0.0468218922615051
4,shapenet732,0.14904585926136907,0.07286304773160018,1.2424533248940002,0.0376759767532348,0.0310443639755249
4,shapenet740,0.5078573949902286,0.3405350133170362,0.0,0.3337415903806686,0.1906965374946594
4,shapenet759,0.3949579882696682,0.2510418393617074,0.0,0.0490199923515319,-0.0092963576316833
4,shapenet782,0.34067231465030845,0.2615603244730118,0.0,0.1393549740314483,0.0130805373191833
4,shapenet808,0.17775542139108097,0.12402162834036312,0.34657359027997264,0.0030716061592102,0.0088021755218505
4,shapenet820,0.4750642071453389,0.2935944521863607,0.0,0.2388505041599273,0.1661158204078674
4,shapenet840,0.6037187380547329,0.4784816795461512,0.0,0.127337098121643,0.0693280100822448
4,shapenet846,0.35892996216185247,0.21115206703875689,0.0,0.3428851217031479,0.102748155593872
4,shapenet867,0.5218982092201514,0.26047895107497976,0.0,0.3726133704185486,0.2905645370483398
4,shapenet877,0.27683338703527716,0.2014262532063481,0.0,0.1901940703392028,0.0178351402282714
4,shapenet906,0.3949579882696682,0.2510418393617074,0.0,0.0924489498138427,0.0447152853012084
4,shapenet918,0.6037187380547329,0.4784816795461512,0.0,0.0591447353363037,-0.0076104998588562
4,shapenet942,0.5078573949902286,0.3405350133170362,0.0,0.175757884979248,0.1604292690753936
4,shapenet943,0.27683338703527716,0.2014262532063481,0.0,0.0602734982967376,-0.0192859172821044
4,shapenet966,0.5218982092201514,0.26047895107497976,0.0,0.16631481051445,0.0886536538600921
4,shapenet989,0.34067231465030845,0.2615603244730118,0.0,-0.025312453508377,-0.0186413526535034
4,shapenet1005,0.35892996216185247,0.21115206703875689,0.0,0.2484340518712997,0.0517405867576599
4,shapenet1019,0.4750642071453389,0.2935944521863607,0.0,0.1828442215919494,0.1106313467025756
4,shapenet1023,0.17775542139108097,0.12402162834036312,0.34657359027997264,0.1135964393615722,0.0011004209518432
4,shapenet1070,0.3487269214171035,0.21374535461231337,0.0,0.259986400604248,0.0718432664871215
4,shapenet1074,0.18842904352121598,0.13315766203197615,0.0,0.290272906422615,0.1257690191268921
4,shapenet1079,0.5163950102063535,0.2934026102168779,0.0,0.2224090695381164,0.1123298406600952
4,shapenet1113,0.2351117709269116,0.17831118663546275,0.0,0.0983367562294006,-0.0017550587654113
4,shapenet1141,0.492107888965419,0.25605176305286276,0.0,-0.0426309704780578,-0.0316673517227172
4,shapenet1142,0.43261163628729005,0.30754314175332237,0.0,0.2162495851516723,0.1275563836097717
4,shapenet1149,0.4618071040217631,0.313315999738515,0.8047189562170501,0.223010778427124,0.1033546924591064
4,shapenet1186,0.659211421099893,0.4876439358152178,0.0,0.0652813911437988,-0.0476050376892089
4,shapenet1234,0.5932573472477398,0.45530271126562605,0.0,0.0933782756328582,0.0737968981266021
4,shapenet1250,0.5007445008241601,0.24366975843405658,0.0,0.2637232840061188,0.1765790581703186
4,shapenet1255,0.38041056540121615,0.16171237055319032,0.0,0.0188598930835723,-0.0990598201751709
4,shapenet1263,0.44592401649695423,0.33187652525600536,0.0,0.354469109326601,0.2409014403820037
4,shapenet1296,0.5480479991389366,0.35532875475924286,0.0,0.2664927691221237,0.1303049027919769
4,shapenet1312,0.4309073818546566,0.24422340493565148,0.0,0.3167460560798645,0.2861449420452118
4,shapenet1321,0.42598416912783194,0.35684692898379167,0.0,0.1906671226024627,0.181105375289917
4,shapenet1357,0.4066622618506064,0.26519665873294507,0.0,0.2610200941562652,0.1531468033790588
4,shapenet1361,0.5929045839192357,0.3734694775781642,0.0,0.2876860648393631,0.1332599520683288
4,shapenet1397,0.2897594615241358,0.18162907002546508,0.0,0.2679242938756943,0.0369682908058166
4,shapenet1402,0.5922852278777666,0.4462323311993341,0.0,0.2557525634765625,0.1425018906593322
4,shapenet1470,0.3127077815744207,0.16267530045186157,0.0,0.2018815875053405,0.0665143132209777
4,shapenet1491,0.5522139108783742,0.44714712302424797,0.0,0.2422600388526916,0.2346081137657165
5,shapenet19,0.5589292734375583,0.46687035791055026,0.0,0.1743786633014679,0.0506070256233215
5,shapenet22,0.32529619211147603,0.2232376598144976,0.0,0.2954218983650207,0.1911990642547607
5,shapenet25,0.5075873696118165,0.36083274738355453,0.0,0.3006185740232467,0.2099207639694214
5,shapenet74,0.48017852718033294,0.4185744064743167,0.0,-0.0329806506633758,-0.0312279462814331
5,shapenet118,0.41238713760863654,0.3018237386023189,0.0,0.0737532079219818,0.0405457615852355
5,shapenet119,0.6089260904660123,0.48176731022400554,0.0,-0.061611533164978,-0.0691739320755004
5,shapenet126,0.1638556851302567,0.11614084140600522,0.34657359027997264,0.1008200645446777,-0.0086699128150939
5,shapenet184,0.42898642420443,0.39413609883214323,0.0,0.1629285514354705,0.0380235612392425
5,shapenet186,0.6278525652155009,0.43871564005291,0.0,0.3941926434636116,0.2805328369140625
5,shapenet204,0.46349751983140663,0.27926751604296735,0.0,0.1684716641902923,0.0291332602500915
5,shapenet232,0.5632747817152787,0.3694251758693103,0.0,0.2761305272579193,0.153318852186203
5,shapenet260,0.4471926986681132,0.2891738287494714,0.0,0.1633650362491607,0.0861707031726837
5,shapenet262,0.5828173780848878,0.4229791816051085,0.0,-0.0175676345825195,-0.1050140261650085
5,shapenet268,0.5130476656794652,0.32947531144392794,0.0,0.0166387259960174,-0.0165807008743286
5,shapenet271,0.40569246709309625,0.2536623093150723,0.0,0.1489351689815521,0.066796600818634
5,shapenet289,0.47827067238561694,0.3402287912529305,0.0,0.121879756450653,0.0571181178092956
5,shapenet304,0.4539247474159853,0.320438786815594,0.0,0.3597877323627472,0.2207829654216766
5,shapenet307,0.1840848209902055,0.10885049036882877,0.5493061443340549,0.1199081242084503,0.0181713700294494
5,shapenet359,0.26436429631081293,0.2089646390877723,0.0,-0.0233774185180664,-0.0478737950325012
5,shapenet372,0.3738471532165234,0.2814724601531814,0.0,0.0975420325994491,-0.066386193037033
5,shapenet379,0.5025072632425991,0.4277784547205828,0.0,0.1912712752819061,0.1614040732383728
5,shapenet388,0.4278920571747946,0.24024275362190983,0.6931471805599453,0.1534021198749542,0.0488551259040832
5,shapenet453,0.3080337637865471,0.16780162086589617,0.0,0.2453530430793762,0.0975065231323242
5,shapenet478,0.529785664355868,0.414026486484057,0.0,0.3612303882837295,0.3121097087860107
5,shapenet482,0.6065144477159605,0.4651167426552097,0.0,0.2556993365287781,0.1997835636138916
5,shapenet518,0.6122339232652505,0.20368826322746852,0.34657359027997264,0.1613881289958953,0.0327659845352172
5,shapenet529,0.34146202309037876,0.2384088952882607,0.0,0.0546767711639404,-0.0335785150527954
5,shapenet535,0.39966123749598403,0.2705709670816214,0.0,-0.0184566676616668,-0.0375724732875824
5,shapenet580,0.6021865502876087,0.500677338966599,0.0,0.122702732682228,0.0883298516273498
5,shapenet592,0.5075873696118165,0.36083274738355453,0.0,0.280944213271141,0.1592598855495453
5,shapenet608,0.5589292734375583,0.46687035791055026,0.0,0.1385710537433624,0.1172828674316406
5,shapenet616,0.6089260904660123,0.48176731022400554,0.0,0.1343266665935516,0.144422709941864
5,shapenet666,0.41238713760863654,0.3018237386023189,0.0,0.2225236892700195,0.120289921760559
5,shapenet683,0.48017852718033294,0.4185744064743167,0.0,0.0101172029972076,0.0489208102226257
5,shapenet686,0.32529619211147603,0.2232376598144976,0.0,0.1525685787200927,0.064503788948059
5,shapenet697,0.6021865502876087,0.500677338966599,0.0,0.2702126801013946,0.0468218922615051
5,shapenet732,0.1638556851302567,0.11614084140600522,0.34657359027997264,0.0394517183303833,0.0310443639755249
5,shapenet740,0.5304881703004445,0.3600683669954703,0.0,0.311003029346466,0.1906965374946594
5,shapenet759,0.40367569151531874,0.27632769335801705,0.0,0.0486537814140319,-0.0092963576316833
5,shapenet782,0.3435179161327143,0.18872545141124208,0.0,0.1153002381324768,0.0130805373191833
5,shapenet808,0.22875564067059062,0.18167444200118588,0.0,-0.0087919831275939,0.0088021755218505
5,shapenet820,0.48460367733282983,0.3360565075948131,0.0,0.2119284272193908,0.1661158204078674
5,shapenet840,0.5540007039676538,0.3547942741957883,0.0,0.1541697382926941,0.0693280100822448
5,shapenet846,0.3871618032962916,0.2534035395059541,0.0,0.3024904727935791,0.102748155593872
5,shapenet867,0.5543518231943217,0.3650418252982714,0.0,0.3898713588714599,0.2905645370483398
5,shapenet877,0.2768948819203023,0.1659540707389796,0.34657359027997264,0.1516141593456268,0.0178351402282714
5,shapenet906,0.40367569151531874,0.27632769335801705,0.0,0.0925131440162658,0.0447152853012084
5,shapenet918,0.5540007039676538,0.3547942741957883,0.0,0.0683385729789733,-0.0076104998588562
5,shapenet942,0.5304881703004445,0.3600683669954703,0.0,0.2022241950035095,0.1604292690753936
5,shapenet943,0.2768948819203023,0.1659540707389796,0.34657359027997264,0.0194944739341735,-0.0192859172821044
5,shapenet966,0.5543518231943217,0.3650418252982714,0.0,0.1743932962417602,0.0886536538600921
5,shapenet989,0.3435179161327143,0.18872545141124208,0.0,-0.0189959108829498,-0.0186413526535034
5,shapenet1005,0.3871618032962916,0.2534035395059541,0.0,0.209365427494049,0.0517405867576599
5,shapenet1019,0.48460367733282983,0.3360565075948131,0.0,0.1835637986660003,0.1106313467025756
5,shapenet1023,0.22875564067059062,0.18167444200118588,0.0,0.0677709579467773,0.0011004209518432
5,shapenet1070,0.3738471532165234,0.2814724601531814,0.0,0.2178670763969421,0.0718432664871215
5,shapenet1074,0.1840848209902055,0.10885049036882877,0.5493061443340549,0.2459059953689575,0.1257690191268921
5,shapenet1079,0.5025072632425991,0.4277784547205828,0.0,0.2191429436206817,0.1123298406600952
5,shapenet1113,0.26436429631081293,0.2089646390877723,0.0,0.0559393763542175,-0.0017550587654113
5,shapenet1141,0.47827067238561694,0.3402287912529305,0.0,-0.0475215315818786,-0.0316673517227172
5,shapenet1142,0.4539247474159853,0.320438786815594,0.0,0.2026818692684173,0.1275563836097717
5,shapenet1149,0.4278920571747946,0.24024275362190983,0.6931471805599453,0.2259259819984436,0.1033546924591064
5,shapenet1186,0.6278525652155009,0.43871564005291,0.0,0.0514902472496032,-0.0476050376892089
5,shapenet1234,0.5828173780848878,0.4229791816051085,0.0,0.0828440487384796,0.0737968981266021
5,shapenet1250,0.5130476656794652,0.32947531144392794,0.0,0.2540919184684753,0.1765790581703186
5,shapenet1255,0.40569246709309625,0.2536623093150723,0.0,-0.0330982953310012,-0.0990598201751709
5,shapenet1263,0.46349751983140663,0.27926751604296735,0.0,0.3592297732830047,0.2409014403820037
5,shapenet1296,0.5632747817152787,0.3694251758693103,0.0,0.2378077358007431,0.1303049027919769
5,shapenet1312,0.4471926986681132,0.2891738287494714,0.0,0.3431403636932373,0.2861449420452118
5,shapenet1321,0.42898642420443,0.39413609883214323,0.0,0.1909347474575042,0.181105375289917
5,shapenet1357,0.39966123749598403,0.2705709670816214,0.0,0.2410251498222351,0.1531468033790588
5,shapenet1361,0.6122339232652505,0.20368826322746852,0.34657359027997264,0.2598282545804977,0.1332599520683288
5,shapenet1397,0.3080337637865471,0.16780162086589617,0.0,0.2459262013435363,0.0369682908058166
5,shapenet1402,0.6065144477159605,0.4651167426552097,0.0,0.2477191686630249,0.1425018906593322
5,shapenet1470,0.34146202309037876,0.2384088952882607,0.0,0.1527754664421081,0.0665143132209777
5,shapenet1491,0.529785664355868,0.414026486484057,0.0,0.2816638499498367,0.2346081137657165
6,shapenet19,0.5373327718638493,0.3973066001704825,0.0,0.1921942234039306,0.0506070256233215
6,shapenet22,0.3890184622649029,0.26885090081155505,0.0,0.2747002243995666,0.1911990642547607
6,shapenet25,0.4906456230026489,0.33385516977738344,0.0,0.2509090453386307,0.2099207639694214
6,shapenet74,0.4936124269480524,0.3870129674294106,0.0,-0.0596665143966674,-0.0312279462814331
6,shapenet118,0.4308025232183237,0.3039753267425382,0.0,0.0485243201255798,0.0405457615852355
6,shapenet119,0.6064684429999294,0.507760207763539,0.0,-0.0498113632202148,-0.0691739320755004
6,shapenet126,0.24595052557101016,0.07440523208961297,0.6931471805599453,0.103384792804718,-0.0086699128150939
6,shapenet184,0.4475018457913366,0.311484143799841,0.0,0.1453389823436737,0.0380235612392425
6,shapenet186,0.6215006430397758,0.4640006329107541,0.0,0.3939235433936119,0.2805328369140625
6,shapenet204,0.4463097408139476,0.3282762822838582,0.0,0.1505614519119262,0.0291332602500915
6,shapenet232,0.6507416334085893,0.5749792777063328,0.0,0.2651586830615997,0.153318852186203
6,shapenet260,0.4140949648449912,0.22801295563787943,0.0,0.1472775936126709,0.0861707031726837
6,shapenet262,0.5377122932342698,0.40886199869456213,0.0,-0.0481237769126892,-0.1050140261650085
6,shapenet268,0.4533695612257239,0.3231928714087816,0.0,0.0265125930309295,-0.0165807008743286
6,shapenet271,0.41180593597132026,0.26962485162130717,0.0,0.1306556612253189,0.066796600818634
6,shapenet289,0.4928415446896033,0.2781326163870563,0.0,0.1319198608398437,0.0571181178092956
6,shapenet304,0.4489277775791113,0.2966222483316157,0.0,0.3767012059688568,0.2207829654216766
6,shapenet307,0.24154960772859688,0.06168449853731661,0.34657359027997264,0.0891798734664917,0.0181713700294494
6,shapenet359,0.2513136984004752,0.11164043089378795,0.6931471805599453,-0.0252266526222229,-0.0478737950325012
6,shapenet372,0.372057506196434,0.2670832463103359,0.0,0.0876834541559219,-0.066386193037033
6,shapenet379,0.5059922911571747,0.3000539187029662,0.0,0.1991025507450103,0.1614040732383728
6,shapenet388,0.5139037263500504,0.37248582486655407,0.34657359027997264,0.1416698992252349,0.0488551259040832
6,shapenet453,0.3288198608689602,0.21507047016652292,0.0,0.2454621195793151,0.0975065231323242
6,shapenet478,0.5645272876649916,0.46210383967602886,0.0,0.350320540368557,0.3121097087860107
6,shapenet482,0.596782992124246,0.5151203460253195,0.0,0.2295858263969421,0.1997835636138916
6,shapenet518,0.578592268114309,0.17113868903495733,0.34657359027997264,0.1285446584224701,0.0327659845352172
6,shapenet529,0.4254590936029222,0.3135546673830283,0.0,0.1229800432920456,-0.0335785150527954
6,shapenet535,0.3537119981136403,0.2041645821772028,0.0,0.0185990631580352,-0.0375724732875824
6,shapenet580,0.6571010053002428,0.572598400869681,0.0,0.1167226731777191,0.0883298516273498
6,shapenet592,0.4906456230026489,0.33385516977738344,0.0,0.3175206929445267,0.1592598855495453
6,shapenet608,0.5373327718638493,0.3973066001704825,0.0,0.0210731029510498,0.1172828674316406
6,shapenet616,0.6064684429999294,0.507760207763539,0.0,0.175433337688446,0.144422709941864
6,shapenet666,0.4308025232183237,0.3039753267425382,0.0,0.2272939682006836,0.120289921760559
6,shapenet683,0.4936124269480524,0.3870129674294106,0.0,-0.0040871202945709,0.0489208102226257
6,shapenet686,0.3890184622649029,0.26885090081155505,0.0,0.1380206942558288,0.064503788948059
6,shapenet697,0.6571010053002428,0.572598400869681,0.0,0.2393298596143722,0.0468218922615051
6,shapenet732,0.24595052557101016,0.07440523208961297,0.6931471805599453,0.064717948436737,0.0310443639755249
6,shapenet740,0.5857723596031301,0.43170086505043226,0.0,0.322910875082016,0.1906965374946594
6,shapenet759,0.43542992534975916,0.3416616044801358,0.0,0.0439901947975158,-0.0092963576316833
6,shapenet782,0.3617694005372941,0.21280075029169992,0.0,0.1298509538173675,0.0130805373191833
6,shapenet808,0.24461367089356267,0.17805687989766428,0.0,-0.0238783061504364,0.0088021755218505
6,shapenet820,0.43568610371247285,0.23390830978205368,0.34657359027997264,0.2127750515937805,0.1661158204078674
6,shapenet840,0.5871983971131571,0.4914966764560476,0.0,0.099556416273117,0.0693280100822448
6,shapenet846,0.4191227984089083,0.3171976306958845,0.0,0.2998868227005005,0.102748155593872
6,shapenet867,0.47391094724810623,0.300935466249084,0.0,0.3359712362289428,0.2905645370483398
6,shapenet877,0.29715548677223713,0.16309406251137903,0.34657359027997264,0.2210906744003296,0.0178351402282714
6,shapenet906,0.43542992534975916,0.3416616044801358,0.0,0.1037523746490478,0.0447152853012084
6,shapenet918,0.5871983971131571,0.4914966764560476,0.0,0.0402841567993164,-0.0076104998588562
6,shapenet942,0.5857723596031301,0.43170086505043226,0.0,0.1705461740493774,0.1604292690753936
6,shapenet943,0.29715548677223713,0.16309406251137903,0.34657359027997264,0.0425360798835754,-0.0192859172821044
6,shapenet966,0.47391094724810623,0.300935466249084,0.0,0.1341349184513092,0.0886536538600921
6,shapenet989,0.3617694005372941,0.21280075029169992,0.0,0.0034539699554443,-0.0186413526535034
6,shapenet1005,0.4191227984089083,0.3171976306958845,0.0,0.2187093198299408,0.0517405867576599
6,shapenet1019,0.43568610371247285,0.23390830978205368,0.34657359027997264,0.179863691329956,0.1106313467025756
6,shapenet1023,0.24461367089356267,0.17805687989766428,0.0,0.0873064398765564,0.0011004209518432
6,shapenet1070,0.372057506196434,0.2670832463103359,0.0,0.2473938465118408,0.0718432664871215
6,shapenet1074,0.24154960772859688,0.06168449853731661,0.34657359027997264,0.252500832080841,0.1257690191268921
6,shapenet1079,0.5059922911571747,0.3000539187029662,0.0,0.2370958924293518,0.1123298406600952
6,shapenet1113,0.2513136984004752,0.11164043089378795,0.6931471805599453,0.0679794549942016,-0.0017550587654113
6,shapenet1141,0.4928415446896033,0.2781326163870563,0.0,-0.0409181714057922,-0.0316673517227172
6,shapenet1142,0.4489277775791113,0.2966222483316157,0.0,0.2220436036586761,0.1275563836097717
6,shapenet1149,0.5139037263500504,0.37248582486655407,0.34657359027997264,0.2174498736858368,0.1033546924591064
6,shapenet1186,0.6215006430397758,0.4640006329107541,0.0,0.0477027297019958,-0.0476050376892089
6,shapenet1234,0.5377122932342698,0.40886199869456213,0.0,0.1109856963157653,0.0737968981266021
6,shapenet1250,0.4533695612257239,0.3231928714087816,0.0,0.2248700559139251,0.1765790581703186
6,shapenet1255,0.41180593597132026,0.26962485162130717,0.0,-0.0679211020469665,-0.0990598201751709
6,shapenet1263,0.4463097408139476,0.3282762822838582,0.0,0.3099279627203941,0.2409014403820037
6,shapenet1296,0.6507416334085893,0.5749792777063328,0.0,0.2472869902849197,0.1303049027919769
6,shapenet1312,0.4140949648449912,0.22801295563787943,0.0,0.3088257908821106,0.2861449420452118
6,shapenet1321,0.4475018457913366,0.311484143799841,0.0,0.0730667114257812,0.181105375289917
6,shapenet1357,0.3537119981136403,0.2041645821772028,0.0,0.2491520047187805,0.1531468033790588
6,shapenet1361,0.578592268114309,0.17113868903495733,0.34657359027997264,0.2586704343557358,0.1332599520683288
6,shapenet1397,0.3288198608689602,0.21507047016652292,0.0,0.2390325665473938,0.0369682908058166
6,shapenet1402,0.596782992124246,0.5151203460253195,0.0,0.2831761240959167,0.1425018906593322
6,shapenet1470,0.4254590936029222,0.3135546673830283,0.0,0.2041800022125244,0.0665143132209777
6,shapenet1491,0.5645272876649916,0.46210383967602886,0.0,0.2611798793077469,0.2346081137657165
7,shapenet19,0.5520394090797385,0.4735813453622461,0.0,0.1846247613430023,0.0506070256233215
7,shapenet22,0.40636868896404443,0.25512112267475523,0.0,0.2786048054695129,0.1911990642547607
7,shapenet25,0.5279058737513627,0.39223017067395965,0.0,0.2768450528383255,0.2099207639694214
7,shapenet74,0.48679447520234764,0.43931674458113046,0.0,-0.028698593378067,-0.0312279462814331
7,shapenet118,0.42864385044818787,0.27194082529924607,0.0,0.0540536493062973,0.0405457615852355
7,shapenet119,0.62864272820588,0.503648658626275,0.0,-0.0584639906883239,-0.0691739320755004
7,shapenet126,0.1903809926641107,0.07440523208961297,0.8958797346140275,0.113033652305603,-0.0086699128150939
7,shapenet184,0.43993192329016917,0.2955375570618558,0.0,0.1840308606624603,0.0380235612392425
7,shapenet186,0.6249626895811691,0.4728012140542191,0.0,0.39781054854393,0.2805328369140625
7,shapenet204,0.45767118243640176,0.3308190163902277,0.0,0.132883608341217,0.0291332602500915
7,shapenet232,0.5302023305851579,0.25247562136280266,0.34657359027997264,0.2640235722064972,0.153318852186203
7,shapenet260,0.4641549089609736,0.31617535807937974,0.0,0.1694705486297607,0.0861707031726837
7,shapenet262,0.5973719915775048,0.4328341370340672,0.0,-0.0359899401664733,-0.1050140261650085
7,shapenet268,0.526146418763948,0.28816128902866456,0.0,0.016405701637268,-0.0165807008743286
7,shapenet271,0.39790108309000155,0.21825870565293248,0.0,0.1590213030576706,0.066796600818634
7,shapenet289,0.5157674015551926,0.2773955561481767,0.0,0.1488193869590759,0.0571181178092956
7,shapenet304,0.46148760398084276,0.35012250375944687,0.0,0.3878205418586731,0.2207829654216766
7,shapenet307,0.21576190296912073,0.12211717179345022,0.0,0.0947661101818084,0.0181713700294494
7,shapenet359,0.2856461840675174,0.22857395718215512,0.0,-0.0324327945709228,-0.0478737950325012
7,shapenet372,0.3740644692021535,0.3004126248435308,0.0,0.1127144396305084,-0.066386193037033
7,shapenet379,0.5299984844336207,0.3954202776349585,0.0,0.2083749771118164,0.1614040732383728
7,shapenet388,0.46290284959026573,0.3433010012625742,0.6931471805599453,0.1099604070186615,0.0488551259040832
7,shapenet453,0.3294137542149717,0.24521741099824462,0.0,0.256372332572937,0.0975065231323242
7,shapenet478,0.5795819862610921,0.4423006262250825,0.0,0.3475400954484939,0.3121097087860107
7,shapenet482,0.5366435057831935,0.3864685652460609,0.0,0.221861645579338,0.1997835636138916
7,shapenet518,0.5603873320321002,0.41025515435710547,0.0,0.172885000705719,0.0327659845352172
7,shapenet529,0.3501467254779776,0.24574234196756145,0.0,0.1145688593387603,-0.0335785150527954
7,shapenet535,0.389634147467843,0.2589732728282627,0.0,0.0300513505935668,-0.0375724732875824
7,shapenet580,0.6043048921418831,0.4774939333480841,0.0,0.1220721304416656,0.0883298516273498
7,shapenet592,0.5279058737513627,0.39223017067395965,0.0,0.3251712322235107,0.1592598855495453
7,shapenet608,0.5520394090797385,0.4735813453622461,0.0,0.0605391561985015,0.1172828674316406
7,shapenet616,0.62864272820588,0.503648658626275,0.0,0.1525973677635193,0.144422709941864
7,shapenet666,0.42864385044818787,0.27194082529924607,0.0,0.2161361277103424,0.120289921760559
7,shapenet683,0.48679447520234764,0.43931674458113046,0.0,0.0283702611923217,0.0489208102226257
7,shapenet686,0.40636868896404443,0.25512112267475523,0.0,0.1568843126296997,0.064503788948059
7,shapenet697,0.6043048921418831,0.4774939333480841,0.0,0.2498072236776352,0.0468218922615051
7,shapenet732,0.1903809926641107,0.07440523208961297,0.8958797346140275,0.0352852344512939,0.0310443639755249
7,shapenet740,0.5743123092419216,0.46854197755070626,0.0,0.3112272322177887,0.1906965374946594
7,shapenet759,0.3967203977252014,0.22948150672804668,0.0,0.0526169538497924,-0.0092963576316833
7,shapenet782,0.3488677264814972,0.22484786553462582,0.0,0.1040826737880706,0.0130805373191833
7,shapenet808,0.24103515257126001,0.09576477097182956,0.6931471805599453,-0.0418409705162048,0.0088021755218505
7,shapenet820,0.4742182956750155,0.2820732325094116,0.0,0.2349601089954376,0.1661158204078674
7,shapenet840,0.5834401411199526,0.35047156088659825,0.0,0.1619675457477569,0.0693280100822448
7,shapenet846,0.3678230729375299,0.17529252274461876,0.0,0.3016277551651001,0.102748155593872
7,shapenet867,0.5185523442292013,0.33193979000476725,0.0,0.3629985898733139,0.2905645370483398
7,shapenet877,0.29445878800323255,0.21443542909682883,0.0,0.1883699893951416,0.0178351402282714
7,shapenet906,0.3967203977252014,0.22948150672804668,0.0,0.094184935092926,0.0447152853012084
7,shapenet918,0.5834401411199526,0.35047156088659825,0.0,0.0724681615829467,-0.0076104998588562
7,shapenet942,0.5743123092419216,0.46854197755070626,0.0,0.1424378752708435,0.1604292690753936
7,shapenet943,0.29445878800323255,0.21443542909682883,0.0,0.0177555084228515,-0.0192859172821044
7,shapenet966,0.5185523442292013,0.33193979000476725,0.0,0.1540032923221588,0.0886536538600921
7,shapenet989,0.3488677264814972,0.22484786553462582,0.0,0.0071876347064971,-0.0186413526535034
7,shapenet1005,0.3678230729375299,0.17529252274461876,0.0,0.2262670695781707,0.0517405867576599
7,shapenet1019,0.4742182956750155,0.2820732325094116,0.0,0.1731840968132019,0.1106313467025756
7,shapenet1023,0.24103515257126001,0.09576477097182956,0.6931471805599453,0.0339518189430236,0.0011004209518432
7,shapenet1070,0.3740644692021535,0.3004126248435308,0.0,0.2338297963142395,0.0718432664871215
7,shapenet1074,0.21576190296912073,0.12211717179345022,0.0,0.2373930811882019,0.1257690191268921
7,shapenet1079,0.5299984844336207,0.3954202776349585,0.0,0.2232694029808044,0.1123298406600952
7,shapenet1113,0.2856461840675174,0.22857395718215512,0.0,0.0510156154632568,-0.0017550587654113
7,shapenet1141,0.5157674015551926,0.2773955561481767,0.0,-0.0419562458992004,-0.0316673517227172
7,shapenet1142,0.46148760398084276,0.35012250375944687,0.0,0.2194963991641998,0.1275563836097717
7,shapenet1149,0.46290284959026573,0.3433010012625742,0.6931471805599453,0.1638978719711303,0.1033546924591064
7,shapenet1186,0.6249626895811691,0.4728012140542191,0.0,0.0501629114151001,-0.0476050376892089
7,shapenet1234,0.5973719915775048,0.4328341370340672,0.0,0.0672618448734283,0.0737968981266021
7,shapenet1250,0.526146418763948,0.28816128902866456,0.0,0.2444520592689514,0.1765790581703186
7,shapenet1255,0.39790108309000155,0.21825870565293248,0.0,-0.0084592998027801,-0.0990598201751709
7,shapenet1263,0.45767118243640176,0.3308190163902277,0.0,0.3550871908664703,0.2409014403820037
7,shapenet1296,0.5302023305851579,0.25247562136280266,0.34657359027997264,0.2205163240432739,0.1303049027919769
7,shapenet1312,0.4641549089609736,0.31617535807937974,0.0,0.3261424750089645,0.2861449420452118
7,shapenet1321,0.43993192329016917,0.2955375570618558,0.0,0.1565844416618347,0.181105375289917
7,shapenet1357,0.389634147467843,0.2589732728282627,0.0,0.2663971483707428,0.1531468033790588
7,shapenet1361,0.5603873320321002,0.41025515435710547,0.0,0.2459895610809326,0.1332599520683288
7,shapenet1397,0.3294137542149717,0.24521741099824462,0.0,0.2366797626018524,0.0369682908058166
7,shapenet1402,0.5366435057831935,0.3864685652460609,0.0,0.2725320756435394,0.1425018906593322
7,shapenet1470,0.3501467254779776,0.24574234196756145,0.0,0.1392593383789062,0.0665143132209777
7,shapenet1491,0.5795819862610921,0.4423006262250825,0.0,0.2818012535572052,0.2346081137657165
